{
  "Images/logo_aarini.png": 1677149703682,
  "controller/View1.controller.js": 1678102507524,
  "utils/locate-reuse-libs.js": 1677149703682,
  "model/models.js": 1677149703682,
  "manifest.json": 1678379047801,
  "controller/Detail.controller.js": 1678190024400,
  "controller/App.controller.js": 1677149703682,
  "Component.js": 1677149703678,
  "Component-preload.js": 1678379048211,
  "controller/App-dbg.controller.js": 1677149703682,
  "model/models-dbg.js": 1677149703682,
  "controller/View1-dbg.controller.js": 1678102507524,
  "controller/Detail-dbg.controller.js": 1678190024400,
  "utils/locate-reuse-libs-dbg.js": 1677149703682,
  "Component-dbg.js": 1677149703678,
  "view/applicationDetails.fragment.xml": 1677543778314,
  "view/View1.view.xml": 1677605480365,
  "view/Detail.view.xml": 1677711284936,
  "view/App.view.xml": 1677149703682,
  "css/style.css": 1677149703682,
  "i18n/i18n.properties": 1677149703682,
  "Images/bg3.jpeg": 1677149703682,
  "Images/bg2.jpeg": 1677149703682,
  "Images/bg1.jpeg": 1677149703678,
  "index.html": 1677149703682
}