{
  "view/View1.view.xml": 1677149703674,
  "model/models.js": 1677149703674,
  "utils/locate-reuse-libs.js": 1677149703674,
  "manifest.json": 1678192391668,
  "controller/View1.controller.js": 1677149703674,
  "controller/App.controller.js": 1677149703674,
  "Component.js": 1677149703670,
  "Component-preload.js": 1678192392043,
  "controller/View1-dbg.controller.js": 1677149703674,
  "model/models-dbg.js": 1677149703674,
  "utils/locate-reuse-libs-dbg.js": 1677149703674,
  "controller/App-dbg.controller.js": 1677149703674,
  "Component-dbg.js": 1677149703670,
  "i18n/i18n.properties": 1677149703674,
  "view/App.view.xml": 1677149703674,
  "css/style.css": 1677149703674,
  "Images/logo_aarini_white.png": 1677149703674,
  "Images/logo_aarini.png": 1677149703674,
  "Images/bg3.jpeg": 1677149703674,
  "Images/bg2.jpeg": 1677149703674,
  "Images/bg1.jpeg": 1677149703670,
  "index.html": 1677149703674
}