{
  "Component-preload.js": 1678831930418,
  "model/models.js": 1678822261952,
  "utils/locate-reuse-libs.js": 1678822262528,
  "manifest.json": 1678831929986,
  "controller/View1.controller.js": 1678822260372,
  "controller/Detail.controller.js": 1678822260372,
  "controller/App.controller.js": 1678822260372,
  "Component.js": 1678822260068,
  "i18n/i18n.properties": 1678822260960,
  "controller/View1-dbg.controller.js": 1678822260372,
  "model/models-dbg.js": 1678822261952,
  "utils/locate-reuse-libs-dbg.js": 1678822262528,
  "controller/Detail-dbg.controller.js": 1678822260372,
  "controller/App-dbg.controller.js": 1678822260372,
  "Component-dbg.js": 1678822260068,
  "view/applicationDetails.fragment.xml": 1678822262832,
  "view/View1.view.xml": 1678822262832,
  "view/Detail.view.xml": 1678822262832,
  "view/App.view.xml": 1678822262832,
  "css/style.css": 1678822260672,
  "Images/logo_aarini.png": 1678822261332,
  "Images/bg3.jpeg": 1678822261316,
  "Images/bg2.jpeg": 1678822261316,
  "Images/bg1.jpeg": 1678822261280,
  "index.html": 1678822260076
}